Files	Date	condition	experiment	strain	file_type	annotation_status	annotation_reason	switch
raw_microscopy_files/SCD2SCGE_20221013.nd2	13102022	SCDtoSCGE	nutrient_switch	{1: 'MMY', 2: 'MMY', 3: 'MMY', 4: 'MMY', 5: 'MMY', 6: 'MMY', 7: 'MMY', 8: 'MMY', 9: 'MMY', 10: 'BCK2DEL', 11: 'BCK2DEL', 12: 'BCK2DEL', 13: 'BCK2DEL', 14: 'BCK2DEL', 15: 'BCK2DEL', 16: 'BCK2DEL', 17: 'BCK2DEL', 18: 'BCK2DEL', 19: 'BCK2DEL', 20: 'BCK2DEL', 21: 'BCK2DEL', 22: 'BCK2DEL', 23: 'WHI5DEL', 24: 'WHI5DEL', 25: 'WHI5DEL', 26: 'WHI5DEL', 29: 'WHI5DEL', 30: 'WHI5_BCK2_DD', 31: 'WHI5_BCK2_DD', 32: 'WHI5_BCK2_DD', 33: 'WHI5_BCK2_DD', 34: 'WHI5_BCK2_DD', 36: 'WHI5_BCK2_DD', 37: 'WHI5_BCK2_DD'}	Raw microscopy file	annotated		50
raw_microscopy_files/SCD2SCGE_rep1_cln3strains_060423.nd2	06042023	SCDtoSCGE	cln3_deletion	{1: 'MMY', 2: 'MMY', 3: 'MMY', 4: 'MMY', 5: 'MMY', 6: 'MMY', 7: 'CLN3DEL', 8: 'CLN3DEL', 9: 'CLN3DEL', 10: 'CLN3DEL', 11: 'CLN3DEL', 12: 'CLN3DEL', 13: 'CLN3_WHI5_DD', 14: 'CLN3_WHI5_DD', 15: 'CLN3_WHI5_DD', 16: 'CLN3_WHI5_DD', 17: 'CLN3_WHI5_DD', 18: 'CLN3_WHI5_DD', 19: 'CLN3_WHI5_BCK2_TD', 20: 'CLN3_WHI5_BCK2_TD', 21: 'CLN3_WHI5_BCK2_TD', 22: 'CLN3_WHI5_BCK2_TD', 23: 'CLN3_WHI5_BCK2_TD', 24: 'CLN3_WHI5_BCK2_TD', 25: 'MK_40', 26: 'MK_40', 27: 'MK_40', 28: 'MK_40', 29: 'MK_40', 30: 'MK_40', 31: 'MK_41', 32: 'MK_41', 33: 'MK_41', 34: 'MK_41', 35: 'MK_41', 36: 'MK_41', 37: 'MK_44', 38: 'MK_44', 39: 'MK_44', 40: 'MK_44', 41: 'MK_44', 42: 'MK_44'}	Raw microscopy file	annotated		53
raw_microscopy_files/SCD2SCGE_rep2_cln3dels_120423.nd2	12042023	SCDtoSCGE	cln3_deletion	{1: 'MMY', 2: 'MMY', 3: 'MMY', 4: 'MMY', 5: 'MMY', 6: 'MMY', 7: 'CLN3DEL', 8: 'CLN3DEL', 9: 'CLN3DEL', 10: 'CLN3DEL', 11: 'CLN3DEL', 12: 'CLN3DEL', 13: 'CLN3_WHI5_DD', 14: 'CLN3_WHI5_DD', 15: 'CLN3_WHI5_DD', 16: 'CLN3_WHI5_DD', 17: 'CLN3_WHI5_DD', 18: 'CLN3_WHI5_DD', 19: 'CLN3_WHI5_BCK2_TD', 20: 'CLN3_WHI5_BCK2_TD', 21: 'CLN3_WHI5_BCK2_TD', 22: 'CLN3_WHI5_BCK2_TD', 23: 'MK_40', 24: 'MK_40', 25: 'MK_40', 26: 'MK_40', 27: 'MK_40', 28: 'MK_40', 29: 'MK_40', 30: 'MK_41', 31: 'MK_41', 32: 'MK_41', 33: 'MK_41', 34: 'MK_41', 35: 'MK_41', 36: 'MK_44', 37: 'MK_44', 38: 'MK_44', 39: 'MK_44', 40: 'MK_44', 41: 'MK_44'}	Raw microscopy file	annotated		50
raw_microscopy_files/SCD2SCGE_rep3_28032023.nd2	28032023	SCDtoSCGE	nutrient_switch	{1: 'MMY', 2: 'MMY', 3: 'MMY', 4: 'MMY', 5: 'MMY', 6: 'MMY', 7: 'MMY', 8: 'MMY', 9: 'MMY', 10: 'MMY', 11: 'BCK2DEL', 12: 'BCK2DEL', 14: 'BCK2DEL', 15: 'BCK2DEL', 16: 'BCK2DEL', 17: 'BCK2DEL', 18: 'BCK2DEL', 20: 'BCK2DEL', 21: 'WHI5DEL', 22: 'WHI5DEL', 23: 'WHI5DEL', 24: 'WHI5DEL', 25: 'WHI5DEL', 26: 'WHI5DEL', 27: 'WHI5DEL', 28: 'WHI5DEL', 29: 'WHI5DEL', 30: 'WHI5DEL', 31: 'WHI5_BCK2_DD', 32: 'WHI5_BCK2_DD', 33: 'WHI5_BCK2_DD', 34: 'WHI5_BCK2_DD', 35: 'WHI5_BCK2_DD', 36: 'WHI5_BCK2_DD', 37: 'WHI5_BCK2_DD', 38: 'WHI5_BCK2_DD', 39: 'WHI5_BCK2_DD', 40: 'WHI5_BCK2_DD'}	Raw microscopy file	annotated		50
raw_microscopy_files/SCDtoSCGE_08092022.nd2	08092022	SCDtoSCGE	nutrient_switch	{1: 'MMY', 2: 'MMY', 3: 'MMY', 4: 'MMY', 5: 'MMY', 6: 'MMY', 7: 'MMY', 8: 'MMY', 9: 'MMY', 10: 'BCK2DEL', 11: 'BCK2DEL', 13: 'BCK2DEL', 14: 'BCK2DEL', 15: 'BCK2DEL', 16: 'BCK2DEL', 17: 'BCK2DEL', 18: 'BCK2DEL', 19: 'BCK2DEL', 20: 'WHI5DEL', 22: 'WHI5DEL', 24: 'WHI5DEL', 25: 'WHI5DEL', 26: 'WHI5DEL', 28: 'WHI5DEL', 29: 'WHI5_BCK2_DD', 30: 'WHI5_BCK2_DD', 31: 'WHI5_BCK2_DD', 32: 'WHI5_BCK2_DD', 33: 'WHI5_BCK2_DD', 34: 'WHI5_BCK2_DD', 35: 'WHI5_BCK2_DD', 36: 'WHI5_BCK2_DD', 37: 'WHI5_BCK2_DD', 38: 'WHI5_BCK2_DD', 39: 'WHI5_BCK2_DD', 40: 'WHI5_BCK2_DD'}	Raw microscopy file	annotated		50
raw_microscopy_files/SCD_20210120_6strains.nd2	20012021	SCD	steady_state	{1: 'MMY', 2: 'MMY', 3: 'MMY', 4: 'MMY', 5: 'MMY', 6: 'MMY', 7: 'BCK2DEL', 8: 'BCK2DEL', 9: 'BCK2DEL', 10: 'BCK2DEL', 11: 'BCK2DEL', 12: 'WHI5DEL', 13: 'WHI5DEL', 14: 'WHI5DEL', 15: 'WHI5DEL', 16: 'WHI5DEL', 17: 'WHI5DEL', 18: 'WHI5DEL', 19: 'WHI5DEL', 20: 'WHI5_BCK2_DD', 21: 'WHI5_BCK2_DD', 22: 'WHI5_BCK2_DD', 23: 'WHI5_BCK2_DD', 24: 'WHI5_BCK2_DD', 25: 'WHI5_BCK2_DD', 26: 'WHI5_BCK2_DD', 27: 'WHI5_BCK2_DD', 28: 'WHI5_BCK2_DD', 29: 'WHI5_CCR4_DD', 30: 'WHI5_CCR4_DD', 31: 'WHI5_CCR4_DD', 32: 'WHI5_CCR4_DD', 33: 'WHI5_CCR4_DD', 34: 'WHI5_CCR4_DD', 35: 'WHI5_CCR4_DD', 36: 'WHI5_CCR4_DD', 37: 'WHI5_CCR4_DD'}	Raw microscopy file	annotated		
raw_microscopy_files/SCD_20210121_6strains.nd2	21012021	SCD	steady_state	{1: 'MMY', 2: 'MMY', 3: 'MMY', 4: 'MMY', 5: 'MMY', 6: 'MMY', 7: 'BCK2DEL', 8: 'BCK2DEL', 9: 'BCK2DEL', 10: 'BCK2DEL', 11: 'BCK2DEL', 12: 'CCR4DEL', 13: 'CCR4DEL', 14: 'CCR4DEL', 15: 'CCR4DEL', 16: 'WHI5DEL', 17: 'WHI5DEL', 18: 'WHI5DEL', 19: 'WHI5DEL', 20: 'WHI5DEL', 21: 'WHI5DEL', 22: 'WHI5DEL', 23: 'WHI5_BCK2_DD', 24: 'WHI5_BCK2_DD', 25: 'WHI5_BCK2_DD', 26: 'WHI5_BCK2_DD', 27: 'WHI5_BCK2_DD', 28: 'WHI5_CCR4_DD', 29: 'WHI5_CCR4_DD', 30: 'WHI5_CCR4_DD', 31: 'WHI5_CCR4_DD', 32: 'WHI5_CCR4_DD', 33: 'WHI5_CCR4_DD'}	Raw microscopy file	annotated		
raw_microscopy_files/SCGE_03012023_6strains.nd2	03012023	SCGE	steady_state	{1: 'MMY', 2: 'MMY', 3: 'MMY', 4: 'MMY', 5: 'MMY', 6: 'MMY', 7: 'MMY', 8: 'BCK2DEL', 9: 'BCK2DEL', 10: 'BCK2DEL', 11: 'BCK2DEL', 12: 'BCK2DEL', 13: 'BCK2DEL', 15: 'CCR4DEL', 16: 'CCR4DEL', 17: 'CCR4DEL', 20: 'CCR4DEL', 21: 'CCR4DEL', 22: 'WHI5DEL', 23: 'WHI5DEL', 24: 'WHI5DEL', 25: 'WHI5DEL', 26: 'WHI5DEL', 27: 'WHI5DEL', 28: 'WHI5DEL', 29: 'WHI5_BCK2_DD', 30: 'WHI5_BCK2_DD', 31: 'WHI5_BCK2_DD', 32: 'WHI5_BCK2_DD', 33: 'WHI5_BCK2_DD', 34: 'WHI5_BCK2_DD', 35: 'WHI5_BCK2_DD'}	Raw microscopy file	annotated		
raw_microscopy_files/SCGE_5strains_23092021.nd2	23092021	SCGE	steady_state	{1: 'MMY', 2: 'MMY', 3: 'MMY', 4: 'MMY', 5: 'MMY', 6: 'MMY', 7: 'MMY', 8: 'BCK2DEL', 9: 'BCK2DEL', 10: 'BCK2DEL', 11: 'BCK2DEL', 12: 'BCK2DEL', 13: 'BCK2DEL', 14: 'BCK2DEL', 15: 'CCR4DEL', 16: 'CCR4DEL', 17: 'CCR4DEL', 18: 'CCR4DEL', 19: 'CCR4DEL', 20: 'CCR4DEL', 22: 'WHI5DEL', 23: 'WHI5DEL', 24: 'WHI5DEL', 26: 'WHI5DEL', 27: 'WHI5DEL', 28: 'WHI5DEL', 29: 'WHI5_BCK2_DD', 30: 'WHI5_BCK2_DD', 31: 'WHI5_BCK2_DD', 32: 'WHI5_BCK2_DD', 33: 'WHI5_BCK2_DD', 34: 'WHI5_BCK2_DD', 35: 'WHI5_BCK2_DD', 36: 'WHI5_CCR4_DD', 37: 'WHI5_CCR4_DD', 38: 'WHI5_CCR4_DD', 39: 'WHI5_CCR4_DD', 41: 'WHI5_CCR4_DD', 42: 'WHI5_CCR4_DD'}	Raw microscopy file	annotated		
raw_microscopy_files/YagyaExpSCD20231212.nd2	12122023	SCD	ccr4_deletion	{1: 'YCY002_1', 2: 'YCY002_1', 3: 'YCY002_1', 4: 'YCY002_1', 5: 'YCY002_1', 6: 'YCY002_1', 7: 'YCY002_1', 8: 'YCY002_1', 9: 'YCY002_1', 10: 'YCY002_1', 11: 'YCY002_1', 12: 'YCY002_1', 13: 'YCY002_1', 14: 'YCY002_1', 15: 'YCY002_1', 16: 'YCY002_1', 17: 'YCY002_1', 18: 'YCY002_1', 19: 'YCY002_1', 20: 'YCY002_1', 21: 'YCY002_1', 22: 'YCY002_1', 23: 'YCY002_1', 24: 'YCY002_1', 25: 'YCY002_1', 26: 'YCY002_1', 27: 'YCY002_1', 28: 'YCY002_1', 29: 'YCY002_1', 30: 'YCY002_1', 31: 'YCY002_1', 32: 'YCY002_1'}	Raw microscopy file	annotated		
raw_microscopy_files/YagyaExpSCDtoSCGE20231006.nd2	06102023	SCDtoSCGE	cln3_stabilized_deletion	{1: 'MK40', 2: 'MK40', 3: 'MK40', 4: 'MK40', 5: 'MK40', 6: 'YCY027_1_bck2delMK40bg', 7: 'YCY027_1_bck2delMK40bg', 8: 'YCY027_1_bck2delMK40bg', 9: 'YCY027_1_bck2delMK40bg', 10: 'YCY027_1_bck2delMK40bg', 11: 'YCY031_4_whi5delMK40bg', 12: 'YCY031_4_whi5delMK40bg', 13: 'YCY031_4_whi5delMK40bg', 14: 'YCY031_4_whi5delMK40bg', 15: 'YCY031_4_whi5delMK40bg', 16: 'YCY034_1_doubledelMK40bg', 17: 'YCY034_1_doubledelMK40bg', 18: 'YCY034_1_doubledelMK40bg', 19: 'YCY034_1_doubledelMK40bg', 20: 'YCY034_1_doubledelMK40bg', 21: 'MK_44', 22: 'MK_44', 23: 'MK_44', 24: 'MK_44', 25: 'MK_44', 26: 'YCY029_3_bck2delMK44bg', 27: 'YCY029_3_bck2delMK44bg', 28: 'YCY029_3_bck2delMK44bg', 29: 'YCY029_3_bck2delMK44bg', 30: 'YCY029_3_bck2delMK44bg', 31: 'YCY033_2_whi5delMK44bg', 32: 'YCY033_2_whi5delMK44bg', 33: 'YCY033_2_whi5delMK44bg', 34: 'YCY033_2_whi5delMK44bg', 35: 'YCY033_2_whi5delMK44bg', 36: 'YCY036_1_doubledelMK44bg', 37: 'YCY036_1_doubledelMK44bg', 38: 'YCY036_1_doubledelMK44bg', 39: 'YCY036_1_doubledelMK44bg', 40: 'YCY036_1_doubledelMK44bg'}	Raw microscopy file	annotated		50
raw_microscopy_files/YagyaExpSCDtoSCGE20231013.nd2	13102023	SCDtoSCGE	cc_marker	{1: 'YCY024_1_WTlabelled', 2: 'YCY024_1_WTlabelled', 3: 'YCY024_1_WTlabelled', 4: 'YCY024_1_WTlabelled', 5: 'YCY024_1_WTlabelled', 6: 'YCY024_1_WTlabelled', 7: 'YCY024_1_WTlabelled', 8: 'YCY030_2_Whi5del_labelled', 9: 'YCY030_2_Whi5del_labelled', 10: 'YCY030_2_Whi5del_labelled', 11: 'YCY030_2_Whi5del_labelled', 12: 'YCY030_2_Whi5del_labelled', 13: 'YCY030_2_Whi5del_labelled', 14: 'YCY030_2_Whi5del_labelled', 15: 'YCY037_1_Bck2del_labelled', 16: 'YCY037_1_Bck2del_labelled', 17: 'YCY037_1_Bck2del_labelled', 18: 'YCY037_1_Bck2del_labelled', 19: 'YCY037_1_Bck2del_labelled', 20: 'YCY037_1_Bck2del_labelled', 21: 'YCY037_1_Bck2del_labelled', 22: 'YCY038_1_Whi5Bck2doubledel_labelled', 23: 'YCY038_1_Whi5Bck2doubledel_labelled', 24: 'YCY038_1_Whi5Bck2doubledel_labelled', 25: 'YCY038_1_Whi5Bck2doubledel_labelled', 26: 'YCY038_1_Whi5Bck2doubledel_labelled', 27: 'YCY038_1_Whi5Bck2doubledel_labelled', 28: 'YCY038_1_Whi5Bck2doubledel_labelled'}	Raw microscopy file	annotated		50
raw_microscopy_files/YagyaExpSCDtoSCGE20231019.nd2	19102023	SCDtoSCGE	cc_marker	{7: 'YCY024_1_WTlabelled', 8: 'YCY024_1_WTlabelled', 9: 'YCY024_1_WTlabelled', 10: 'YCY024_1_WTlabelled', 11: 'YCY024_1_WTlabelled', 12: 'YCY024_1_WTlabelled', 13: 'YCY030_2_Whi5del_labelled', 14: 'YCY030_2_Whi5del_labelled', 15: 'YCY030_2_Whi5del_labelled', 16: 'YCY030_2_Whi5del_labelled', 17: 'YCY030_2_Whi5del_labelled', 18: 'YCY030_2_Whi5del_labelled', 19: 'YCY037_1_Bck2del_labelled', 20: 'YCY037_1_Bck2del_labelled', 21: 'YCY037_1_Bck2del_labelled', 22: 'YCY037_1_Bck2del_labelled', 23: 'YCY037_1_Bck2del_labelled', 24: 'YCY037_1_Bck2del_labelled', 25: 'YCY038_1_Whi5Bck2doubledel_labelled', 26: 'YCY038_1_Whi5Bck2doubledel_labelled', 27: 'YCY038_1_Whi5Bck2doubledel_labelled', 28: 'YCY038_1_Whi5Bck2doubledel_labelled', 29: 'YCY038_1_Whi5Bck2doubledel_labelled', 30: 'YCY038_1_Whi5Bck2doubledel_labelled'}	Raw microscopy file	annotated		50
raw_microscopy_files/YagyaExpSCDtoSCGE20240403.nd2	03042024	SCDtoSCGE	JE103_test	{2: 'JE103', 3: 'JE103', 4: 'JE103', 5: 'JE103', 6: 'JE103', 12: 'YCY039_3_Whi5del_in_JE103', 13: 'YCY039_3_Whi5del_in_JE103', 14: 'YCY039_3_Whi5del_in_JE103', 15: 'YCY039_3_Whi5del_in_JE103', 19: 'YCY039_3_Whi5del_in_JE103', 23: 'YCY040_1_Bck2del_in_JE103', 24: 'YCY040_1_Bck2del_in_JE103', 25: 'YCY040_1_Bck2del_in_JE103', 26: 'YCY040_1_Bck2del_in_JE103', 27: 'YCY040_1_Bck2del_in_JE103'}	Raw microscopy file	annotated		50
raw_microscopy_files/YagyaExpSCDtoSCGE20250307.nd2	07032025	SCDtoSCGE	metpr_cln211a	{1: 'MMY', 2: 'MMY', 3: 'MMY', 4: 'MMY', 5: 'MMY', 6: 'YCY005_1_whi5bck2doubledel', 7: 'YCY005_1_whi5bck2doubledel', 8: 'YCY005_1_whi5bck2doubledel', 9: 'YCY005_1_whi5bck2doubledel', 10: 'YCY005_1_whi5bck2doubledel', 11: 'KSY015_5_METpr_CLN', 12: 'KSY015_5_METpr_CLN', 13: 'KSY015_5_METpr_CLN', 14: 'KSY015_5_METpr_CLN', 15: 'KSY015_5_METpr_CLN'}	Raw microscopy file	annotated		50
raw_microscopy_files/YagyaExpSCDtoSCGE20250310.nd2					Raw microscopy file	unresolved	no date annotation	
raw_microscopy_files/YagyaExpSCDtoSCGE20250327.nd2	27032025	SCDtoSCGE	metpr_cln211a	{1: 'MMY', 2: 'MMY', 3: 'MMY', 4: 'MMY', 5: 'MMY', 6: 'YCY005_1_whi5bck2doubledel', 7: 'YCY005_1_whi5bck2doubledel', 8: 'YCY005_1_whi5bck2doubledel', 9: 'YCY005_1_whi5bck2doubledel', 10: 'YCY005_1_whi5bck2doubledel', 11: 'KSY015_5_METpr_CLN3', 12: 'KSY015_5_METpr_CLN3', 13: 'KSY015_5_METpr_CLN3', 14: 'KSY015_5_METpr_CLN3', 15: 'KSY015_5_METpr_CLN3', 16: 'YCY041_2_METpr_CLN3_bck2del', 17: 'YCY041_2_METpr_CLN3_bck2del', 18: 'YCY041_2_METpr_CLN3_bck2del', 19: 'YCY041_2_METpr_CLN3_bck2del', 20: 'YCY041_2_METpr_CLN3_bck2del', 21: 'YCY044_2_METpr_CLN3_whi5bck2doubledel', 22: 'YCY044_2_METpr_CLN3_whi5bck2doubledel', 23: 'YCY044_2_METpr_CLN3_whi5bck2doubledel', 24: 'YCY044_2_METpr_CLN3_whi5bck2doubledel', 25: 'YCY044_2_METpr_CLN3_whi5bck2doubledel', 26: 'KSY041_2_METpr_CLN3_11A', 27: 'KSY041_2_METpr_CLN3_11A', 28: 'KSY041_2_METpr_CLN3_11A', 29: 'KSY041_2_METpr_CLN3_11A', 30: 'KSY041_2_METpr_CLN3_11A', 31: 'YCY042_1_METpr_CLN3_11A_bck2del', 32: 'YCY042_1_METpr_CLN3_11A_bck2del', 33: 'YCY042_1_METpr_CLN3_11A_bck2del', 34: 'YCY042_1_METpr_CLN3_11A_bck2del', 35: 'YCY042_1_METpr_CLN3_11A_bck2del', 36: 'YCY045_3_METpr_CLN3_11A_whi5bck2doubledel', 37: 'YCY045_3_METpr_CLN3_11A_whi5bck2doubledel', 38: 'YCY045_3_METpr_CLN3_11A_whi5bck2doubledel', 39: 'YCY045_3_METpr_CLN3_11A_whi5bck2doubledel', 40: 'YCY045_3_METpr_CLN3_11A_whi5bck2doubledel'}	Raw microscopy file	annotated		50
